Title,Slug,Tag,Description,ReadTime,Published,Date,Body
"The Executive's Guide to AI Implementation in Enterprises",ai-implementation-guide,Strategy,"A framework for successful AI adoption that balances innovation with regulatory compliance and operational continuity.",10 min read,true,2024-01-15,"**Artificial intelligence is no longer a future consideration—it's a present imperative.** Yet for many executives, the path from AI ambition to operational reality remains unclear. This guide provides a strategic framework for implementing AI in a way that balances innovation with compliance, and ambition with practicality.

## The Current State of Enterprise AI

Organizations across industries are investing heavily in AI, but many struggle to move beyond pilot projects. According to recent research, while 85% of enterprises have AI initiatives underway, fewer than 30% have successfully scaled AI beyond initial deployments.

The gap isn't technological—it's strategic. Successful AI implementation requires more than algorithms and data. It demands a comprehensive approach that addresses people, processes, and governance alongside technology.

## A Framework for Successful Implementation

### 1. Start with Business Problems, Not Technology

The most successful AI projects begin with a clear business problem. Rather than asking ""How can we use AI?"", ask ""What operational challenges could benefit from intelligent automation?""

Ideal starting points include:

- High-volume, repetitive processes with clear rules
- Document-heavy workflows requiring extraction and classification
- Customer interactions with repetitive query patterns
- Quality control and anomaly detection in manufacturing

### 2. Assess Your Data Readiness

AI systems are only as good as the data they're trained on. Before embarking on any AI initiative, conduct an honest assessment of your data landscape:

- **Availability:** Is the necessary data accessible and in usable formats?
- **Quality:** Is the data accurate, complete, and consistent?
- **Volume:** Is there sufficient data to train effective models?
- **Governance:** Are data usage rights and privacy requirements clear?

> ""The organizations that succeed with AI are those that treat data governance not as a compliance burden, but as a strategic foundation for innovation.""

### 3. Build Cross-Functional Teams

AI implementation is not an IT project—it's a business transformation. Successful initiatives require collaboration across:

- **Business units** who understand the operational context
- **IT teams** who manage infrastructure and security
- **Legal and compliance** who ensure regulatory adherence
- **HR** who address change management and training

### 4. Navigate Regulatory Requirements

For enterprises operating in regulated industries or across borders, compliance is non-negotiable. Key considerations include:

- **GDPR:** Ensure lawful basis for data processing and respect data subject rights
- **Industry regulations:** Financial services (FINMA), healthcare, and other sectors have specific AI guidance
- **AI Act:** The EU AI Act introduces risk-based requirements for AI systems
- **Explainability:** High-stakes decisions may require human-interpretable AI outputs

### 5. Start Small, Scale Fast

Resist the temptation to launch enterprise-wide AI initiatives immediately. Instead:

1. Select a contained pilot project with measurable outcomes
2. Implement quickly (8-12 weeks for initial deployment)
3. Measure results against predefined success criteria
4. Iterate based on learnings before scaling

## Common Pitfalls to Avoid

Our experience across dozens of implementations has revealed consistent failure patterns:

- **Technology-first thinking:** Choosing AI solutions before defining problems
- **Underestimating change management:** Technical success without user adoption delivers no value
- **Perfectionism:** Waiting for perfect data or models rather than iterating
- **Ignoring governance:** Skipping compliance considerations that later derail projects
- **Isolated initiatives:** AI projects disconnected from broader digital strategy

## Measuring Success

Effective AI implementation requires clear metrics. We recommend tracking:

- **Operational metrics:** Processing time, error rates, throughput
- **Financial metrics:** Cost savings, revenue impact, ROI
- **Adoption metrics:** User engagement, satisfaction scores
- **Strategic metrics:** Competitive advantage, innovation velocity

## The Path Forward

AI implementation is a journey, not a destination. Organizations that approach it with strategic clarity, operational discipline, and a commitment to continuous learning will be best positioned to capture the technology's transformative potential.

The executives who succeed will be those who recognize that AI is fundamentally a business initiative enabled by technology—not the other way around."
"AI in Financial Services: Navigating Regulatory Requirements",ai-financial-services-compliance,Industry Analysis,"How leading banks are leveraging AI automation while maintaining the highest compliance standards.",12 min read,true,2024-01-20,"**Financial services organizations face a unique challenge: harnessing AI's transformative potential while operating within one of the world's most regulated environments.** This analysis examines how leading institutions are successfully implementing AI while maintaining full regulatory compliance.

## The Regulatory Landscape

Financial institutions implementing AI must navigate a complex web of regulations spanning data protection, operational resilience, and financial conduct. Key regulatory frameworks include:

- **FINMA Circulars:** Swiss Financial Market Supervisory Authority guidance on operational risks and outsourcing
- **GDPR:** European data protection requirements affecting customer data processing
- **EU AI Act:** Risk-based AI regulation with specific requirements for high-risk applications
- **Basel III/IV:** Model risk management requirements for credit and trading models

## High-Value Use Cases in Banking

### Document Processing and KYC

Know Your Customer (KYC) and Anti-Money Laundering (AML) processes consume enormous resources. AI-powered document processing can:

- Extract and validate identity documents automatically
- Cross-reference information across multiple data sources
- Flag inconsistencies for human review
- Reduce onboarding time from days to hours

Leading institutions report 60-80% efficiency gains while improving detection rates for suspicious activities.

### Credit Decision Support

AI can enhance credit decisioning while maintaining human oversight:

- Aggregating and analyzing applicant data from multiple sources
- Providing risk assessments with explainable factors
- Identifying additional documentation requirements
- Supporting—not replacing—human credit officers

> ""The key to regulatory acceptance is transparency. AI should augment human decision-making with explainable insights, not replace it with black-box outputs.""

### Customer Service Automation

Intelligent virtual assistants can handle routine inquiries while maintaining service quality:

- Account balance and transaction queries
- Payment scheduling and management
- Basic product information
- Seamless escalation to human agents for complex issues

### Fraud Detection

AI excels at pattern recognition across large transaction volumes:

- Real-time transaction monitoring
- Behavioral analysis detecting anomalies
- Reduced false positive rates freeing investigators for genuine cases
- Adaptive models learning from confirmed fraud patterns

## Regulatory Compliance Strategies

### Model Risk Management

Financial regulators expect robust governance of AI models:

- **Model inventory:** Comprehensive documentation of all AI/ML models in use
- **Development standards:** Clear policies for model development and validation
- **Ongoing monitoring:** Performance tracking and drift detection
- **Independent review:** Second-line validation of high-risk models

### Explainability Requirements

For decisions affecting customers, regulators increasingly require explainability:

- Credit decisions must articulate key factors
- Customers have rights to understand automated decisions
- Black-box models may be inappropriate for regulated processes
- Consider interpretable models or post-hoc explanation methods

### Data Governance

AI depends on data, and data handling is heavily regulated:

- **Purpose limitation:** Use data only for specified, legitimate purposes
- **Data minimization:** Collect only what's necessary
- **Storage limitation:** Retain data only as long as required
- **Cross-border transfers:** Ensure adequate protection for international data flows

## Implementation Best Practices

### 1. Engage Compliance Early

Include legal and compliance teams from project inception. Early engagement prevents costly redesigns later.

### 2. Document Everything

Maintain comprehensive records of:

- Training data sources and lineage
- Model development decisions and rationale
- Validation results and limitations
- Ongoing performance metrics

### 3. Plan for Audits

Regulators will ask questions. Prepare by:

- Creating clear audit trails for AI-assisted decisions
- Maintaining accessible model documentation
- Training staff to explain AI system operation

### 4. Consider Deployment Location

Data residency requirements may dictate deployment options. Many institutions require:

- On-premise or private cloud deployment
- Data processing within specific jurisdictions
- Enhanced security for cloud deployments

## Looking Ahead

The regulatory environment for AI in financial services will continue evolving. Key trends to watch:

- **EU AI Act implementation:** High-risk AI system requirements taking effect
- **Responsible AI expectations:** Growing focus on fairness and bias
- **Operational resilience:** AI system reliability and recovery requirements
- **Sustainability reporting:** Environmental impact of AI compute

Institutions that build compliant, well-governed AI capabilities now will be best positioned as requirements mature."
"85% Cost Reduction: Document Processing Transformation",document-processing-transformation,Case Study,"Case study: How a leading private bank automated their document workflow achieving dramatic operational improvements.",8 min read,true,2024-02-01,"**When a leading private bank approached us, their loan application processing was consuming enormous resources.** Each application required manual review of dozens of documents—income statements, tax returns, property valuations, and identification papers. The process was slow, error-prone, and expensive.

This is the story of how we transformed their document processing workflow, achieving an 85% reduction in processing costs while improving accuracy and customer satisfaction.

## The Starting Point

The bank's lending team was struggling with a growing backlog. Each loan application required:

- Manual review of 15-30 documents per application
- Data entry from documents into core banking systems
- Cross-validation of information across multiple sources
- Compliance checks for KYC and AML requirements

The average application took 3 business days to process. During peak periods, this stretched to 5+ days. Customer complaints were rising, and the cost per application was becoming unsustainable.

## Our Approach

We proposed an AI-powered document processing system with four key components:

### 1. Intelligent Document Classification

The first step was teaching the AI to recognize different document types. Using computer vision and natural language processing, the system learned to identify:

- Identity documents (passports, ID cards, residence permits)
- Income documentation (salary slips, employment contracts, tax returns)
- Property documents (valuations, floor plans, land registry extracts)
- Financial statements (bank statements, investment portfolios)

Documents are automatically routed to the appropriate extraction pipeline based on their type.

### 2. Data Extraction Engine

Custom-trained models extract key data points from each document type. For a salary slip, this includes employer name, gross salary, net salary, pay period, and deductions. For a property valuation, it captures address, estimated value, valuation date, and property type.

The extraction engine handles:

- Printed and scanned documents
- Multiple languages (German, French, Italian, English)
- Various formats from different institutions
- Low-quality scans and photos

### 3. Cross-Validation System

Extracted data doesn't exist in isolation. The AI validates consistency across documents:

- Does the name on the ID match the name on the salary slip?
- Is the property address consistent across all documents?
- Do the stated income and bank statement deposits align?

Discrepancies are flagged for human review with clear explanations.

### 4. Human-in-the-Loop Workflow

We designed the system to augment humans, not replace them. Complex cases and edge scenarios are escalated with all relevant context, allowing staff to make informed decisions quickly.

> ""The system handles the repetitive work perfectly. Our team now focuses on the cases that actually need their expertise—unusual situations, complex structures, exceptions. It's a much better use of their skills."" — Head of Lending Operations

## Implementation Journey

The project was delivered in three phases over 12 weeks:

### Phase 1: Core Engine (Weeks 1-4)

We focused on the highest-volume document types: income statements and identification documents. The AI was trained on 5,000+ historical documents, achieving 95% extraction accuracy by week 4.

### Phase 2: Expansion (Weeks 5-8)

We added property documents and financial statements to the system. The cross-validation logic was implemented and tested against known cases.

### Phase 3: Integration (Weeks 9-12)

The system was connected to the bank's core banking platform. Extracted data flows directly into the application workflow. Staff dashboards were deployed for exception handling.

## The Results

Within the first month of full deployment, the transformation was evident:

- **Processing time:** Reduced from 3 days to 4 hours average
- **Extraction accuracy:** 99.2%
- **Cost reduction:** 85% per application
- **NPS improvement:** +18 points

### Quantified Benefits

- **Processing time:** Reduced from 3 days to 4 hours average
- **Staff redeployment:** 10 FTE moved to higher-value customer-facing roles
- **Error reduction:** Rework rate dropped from 12% to under 1%
- **Customer satisfaction:** NPS increased by 18 points
- **Annual savings:** CHF 1.2 million in operational costs

## Key Success Factors

Looking back at this project, several factors were critical to its success:

1. **Quality training data:** The bank had well-organized historical documents we could use for training
2. **Clear scope:** We started with a defined document set rather than trying to handle everything at once
3. **Change management:** Staff were involved throughout and understood the system would help them, not replace them
4. **Iterative approach:** We improved the models continuously based on real-world feedback
5. **Executive sponsorship:** Leadership was committed to the transformation

## Looking Forward

The bank has since expanded the system to additional use cases including mortgage renewals, wealth management onboarding, and corporate lending. The foundation we built together continues to deliver value across the organization."
